{"nodes":{"node:1":{"location":{"x":-252,"y":220}},"node:10":{"location":{"x":-238,"y":504}},"node:16":{"location":{"x":71,"y":80}},"node:20":{"location":{"x":168,"y":316}},"node:27":{"location":{"x":1028,"y":329}},"node:30":{"location":{"x":1204,"y":458}},"node:32":{"location":{"x":868,"y":538}},"node:34":{"group_size":{"x":384,"y":154},"location":{"x":112,"y":576}},"node:35":{"group_size":{"x":640,"y":400},"location":{"x":800,"y":224}},"node:36":{"location":{"x":366,"y":652}},"node:40":{"location":{"x":144,"y":652}},"node:44":{"location":{"x":-348,"y":698}},"node:46":{"location":{"x":-69,"y":652}},"node:5":{"location":{"x":-300,"y":351}},"node:50":{"location":{"x":500,"y":-70}},"node:53":{"location":{"x":500,"y":42}}},"selection":["node:10"],"view":{"scroll":{"x":-282.353546142578125,"y":267.2362060546875},"visible_rect":{"max":{"x":30.9643573760986328,"y":888.35675048828125},"min":{"x":-285.282470703125,"y":270.00830078125}},"zoom":0.989733219146728516}}